experiment,steps,step_count,step,stale_tail,row_count,group_count,valid_rate,valid_group_rate,request_error_rate,direct_valid,focal_valid,final_valid,objective_valid,subjective_valid,ui_spatial_score,color_harmony_and_theme_fit,typography_rhythm_and_readability,first_view_content_messaging,ui_weight,subjective_weight,max_weight_mean,top1_same_rate,spearman_mean,z_sign_flip_rate,direct_group_var_mean,focal_group_var_mean
Qwen3-1.7B-Base,"57,58,59,60,61",5,59.0,0.0,512.0,64.0,0.998828125,1.0,0.0,9.9760393685329,9.928542095278818,9.9760393685329,8.313366140444085,0.0,0.0,0.0,0.0,0.0,0.0,0.0,0.26272295119069455,1.0,0.9998422049017044,0.0027777777777777775,0.04278571496769531,0.34245052054227915
baseline_0414_Qwen3-1.7B,"54,55,56,57,58",5,56.0,0.0,512.0,64.0,0.81328125,1.0,0.0,8.082115667575742,5.226989879620796,8.082115667575742,9.356860499698524,0.0,7.035531153368913,0.0,0.0,0.0,0.11763859821808079,0.0,0.1177659862226909,0.7125,0.8089831703721819,0.14290049010054545,0.5769697228445527,1.5534930323070788
baseline_0414_Qwen3-1.7B-Base,"71,72,73,74,75",5,73.0,0.0,512.0,64.0,0.940625,1.0,0.0,7.954213061855445,5.047630512144423,7.954213061855445,9.338999169432382,0.0,6.57515907784082,0.0,0.0,0.0,0.13419370579411088,0.0,0.13419370579411088,0.70625,0.8293840668310288,0.15111946371468604,0.4593728146070079,1.4007496853276253
baseline_0414_Qwen3-4B,1,1,1.0,0.0,512.0,64.0,0.9375,1.0,0.0,6.834409128787893,3.9838625006094386,6.834409128787893,8.522284791666669,0.0,5.808333333333334,0.0,0.0,0.0,0.09909054755655286,0.0,0.10521332197023293,0.75,0.8830442810256827,0.11875,2.7837734213030507,2.7755562742156723
baseline_3_Qwen3-4B,"64,65,66,67,68",5,66.0,0.0,512.0,64.0,0.809375,1.0,0.0,8.524093113130741,6.184784073936953,8.524093113130741,9.67844192430431,0.0,7.740271939860577,0.0,0.0,0.0,nan,nan,nan,0.765625,0.858481277762883,0.12107730925557536,3.05419523636393,1.646147683181234
baseline_4_Qwen3-4B,"21,22,23,24,25",5,23.0,0.0,512.0,64.0,0.881640625,1.0,0.0,7.952733674127179,4.960307633095535,7.952733674127179,9.380430890964288,0.0,6.928621869758716,0.0,0.0,0.0,nan,nan,nan,0.70625,0.8458682456245719,0.12973945897214795,0.6693468894911793,1.6372969799160182
baseline_Qwen3-1.7B-Base,"1,2",2,1.5,0.0,512.0,64.0,0.9833984375,1.0,0.0,8.629758919095888,6.485773292756261,8.629758919095888,7.191465765913245,0.0,0.0,0.0,0.0,0.0,0.0,0.0,0.6896446249797799,0.953125,0.9766161596316446,0.05658948364956018,2.044769600130499,13.498257150644022
baseline_a11y_Qwen3-1.7B-Base,"23,24,25,26,27",5,25.0,0.0,512.0,64.0,0.968359375,1.0,0.0,6.153085104630342,2.678079888264134,6.153085104630342,8.830935674059605,0.0,5.425393407317009,0.0,0.0,0.0,0.059936957155975856,0.0,0.06006188316208799,0.75625,0.8607201464927243,0.13589914796368438,0.9161477026378184,1.352173268819768
baseline_v3_Qwen3-1.7B-Base,"136,137,138,139,140",5,138.0,0.0,512.0,64.0,0.98515625,1.0,0.0,9.11491959846535,7.775373873165714,9.11491959846535,9.632443480843337,0.0,7.814987369454246,0.0,0.0,0.0,0.33233634887001484,0.21844241171924866,0.439464075085518,0.890625,0.9447032604585383,0.08760870684792256,0.1250053075820538,0.7285245824417326
baseline_v3_n16_0422_Qwen3-1.7B-Base,"102,103,104,105,106",5,104.0,0.0,1024.0,64.0,0.9751953125,1.0,0.0,9.129304052209969,7.838946678545518,9.129304052209969,9.639669104547451,0.0,7.85456424484295,0.0,0.0,0.0,0.3192411789764399,0.22294642043152613,0.4281398521842319,0.89375,0.9604799896841684,0.08113424970741337,0.1103656462914897,0.6708618698644246
baseline_v3_n16_3e-6_4k_Qwen3-4B,"42,43,44,45,46",5,44.0,0.0,1024.0,64.0,0.966015625,1.0,0.0,9.293877477364813,8.047444237050716,9.293877477364813,9.739896276397435,8.401839879299501,8.439377658384606,8.418341207469949,8.434363695463697,8.35281473496486,0.2998738674928506,0.2333753775023831,0.6641438749706197,0.93125,0.9304593561899139,0.14288447807230084,0.12522265230079868,1.1270824804428052
baseline_v3_n16_3e-6_Qwen3-4B,"40,41,42,43,44",5,42.0,0.0,1024.0,64.0,0.979296875,1.0,0.0,9.354185436953287,8.214866025581296,9.354185436953287,9.77015370584417,8.522248899171448,8.620922235065015,8.467106312205518,8.567245588192018,8.532394797116813,0.29670533337084815,0.2344315555430505,0.661858113452173,0.9375,0.9310799843051265,0.16151401693403522,0.10121841173276613,0.8642980138598348
baseline_v3_n16_Qwen3-1.7B,"80,81,82,83,84",5,82.0,0.0,1024.0,64.0,0.986328125,1.0,0.0,9.190130935406547,7.6370194585740325,9.190130935406547,9.643884470537131,8.282623865145368,7.903473679891699,8.12320272066061,8.440473380687394,8.284195494088106,0.4795499096029058,0.17348335084654898,0.7424306416502573,0.853125,0.9131660470582631,0.17342473031703112,0.13218574326956914,1.0181058623043726
baseline_v3_n16_Qwen3-4B,"20,21,22,23,24",5,22.0,0.0,1024.0,64.0,0.9912109375,1.0,0.0,8.842995192798618,6.7367996175924505,8.842995192798618,9.483328177833418,7.562329222729005,7.035018068228288,7.817252517687318,7.663571675561346,7.206163474938352,0.49222734578198646,0.16925753914188918,0.7608112957790106,0.771875,0.8925871941754586,0.17047273122299875,0.26279758841147083,1.323986987468856
focal_0414_Qwen3-1.7B,"53,54,55,56,57",5,55.0,0.0,512.0,64.0,0.71171875,1.0,0.0,7.96261944703019,5.376342960109004,5.376342960109004,9.16096284736895,0.0,6.865732754000675,0.0,0.0,0.0,0.13096800293684852,0.0,0.13539953897449225,0.653125,0.7980940651318299,0.14933735148606905,0.5561416749475976,1.3743315427224494
focal_0414_Qwen3-1.7B-Base,"71,72,73,74,75",5,73.0,0.0,512.0,64.0,0.851171875,1.0,0.0,7.8975027559945135,5.253258902296019,5.253258902296019,9.175268128052688,0.0,6.283985709020636,0.0,0.0,0.0,0.16508677542077793,0.0,0.1652823124231519,0.709375,0.8161018774889491,0.14227561626199026,0.41321471626715117,1.1618224215860742
focal_0414_Qwen3-4B,1,1,1.0,0.0,512.0,64.0,0.943359375,1.0,0.0,6.684691586674205,3.933374382520894,3.933374382520894,8.353093995859215,0.0,5.614906832298137,0.0,0.0,0.0,0.10448126105348526,0.0,0.11328947641816321,0.859375,0.8778956238965119,0.12215320910973085,3.2097636985357734,3.15628445789046
focal_3_Qwen3-4B,"42,43,44,45,46",5,44.0,0.0,512.0,64.0,0.696484375,1.0,0.0,7.964069741428877,5.980630596889474,5.980630596889474,8.822189144806769,0.0,7.218586050772511,0.0,0.0,0.0,nan,nan,nan,0.7611111111111111,0.8357213836689906,0.13528783485142473,0.7744724094843872,1.5555041657351532
focal_4_Qwen3-4B,"20,21,22,23,24",5,22.0,0.0,512.0,64.0,0.88046875,1.0,0.0,7.75774241002303,5.239261056673689,5.239261056673689,8.845052809853598,0.0,7.007885386126882,0.0,0.0,0.0,nan,nan,nan,0.725,0.8251659570547828,0.15584632523594014,0.5242667592200428,1.3707328388086402
focal_a11y_Qwen3-1.7B-Base,"20,21,22,23,24",5,22.0,0.0,512.0,64.0,0.959765625,1.0,0.0,5.925290439367463,2.636209614968837,2.636209614968837,8.492444840431915,0.0,5.120704463431056,0.0,0.0,0.0,0.0653493046082129,0.0,0.0657444921948657,0.784375,0.8339404303122624,0.1673318998192891,1.3457104118883574,1.4731610752788409
focal_v3_Qwen3-1.7B-Base,"132,133,134,135,136",5,134.0,0.0,512.0,64.0,0.980859375,1.0,0.0,9.062404216544877,7.738832510797837,7.738832510797837,9.552311563004643,0.0,7.695760364759677,0.0,0.0,0.0,0.34207689194195245,0.21198131172468315,0.44495379170393734,0.821875,0.9009445351768708,0.11749722640231175,0.15148144775020195,0.770016566294739
focal_v3_e0_t10_g8_Qwen3-1.7B-Base,"95,96,97,98,99",5,97.0,0.0,1024.0,64.0,0.9880859375,1.0,0.0,8.995025539900109,7.401764183028838,7.401764183028838,9.518248195023798,7.948580229652715,7.647666106703968,7.839052643720703,8.191006583823576,7.815681461413869,0.44261518006194783,0.18379669037899252,0.7117884401689587,0.765625,0.8315479972992662,0.19707755600999588,0.1891515636965843,1.1942881026461722
focal_v3_e0_t1_g8_Qwen3-1.7B-Base,"102,103,104,105,106",5,104.0,0.0,1024.0,64.0,0.9833984375,1.0,0.0,8.953379774505063,7.532794847887092,7.532794847887092,9.388890450981128,8.082358421552915,7.754250180603853,7.98579420407768,8.283393836744281,7.9778872238367855,0.4702025756359121,0.17482229338838373,0.7272057334654656,0.68125,0.6863991165344346,0.2607747316462719,0.20077631890639663,0.8776613712309229
focal_v3_n16_e005_t10_g5_Qwen3-1.7B,"17,18,19,20,21",5,19.0,0.0,1024.0,64.0,0.991796875,1.0,0.0,8.537476652940121,6.580373256498767,6.580373256498767,9.166622236746214,7.279185485327953,6.799884463880609,7.156607243631781,7.6487812888009135,7.032167923551162,0.3903009288896552,0.18268230628468551,0.5670834466058411,0.65,0.826198063794233,0.18274055583112975,0.37838604948362514,1.4693233549876634
focal_v3_n16_e005_t5_g5_Qwen3-1.7B,"17,18,19,20,21",5,19.0,0.0,1024.0,64.0,0.9919921875,1.0,0.0,8.5532250106196,6.584088067855026,6.584088067855026,9.174644844571121,7.31038534271655,6.784597807031088,7.201382513891308,7.677750159631641,7.052023354626702,0.40936391331980476,0.17765580908542264,0.5742045514805628,0.653125,0.8344326357261084,0.1862758570019282,0.2974607669720588,1.2758241379997166
focal_v3_n16_e0_t1_g5_3e-6_4k_Qwen3-4B,"26,27,28,29,30",5,28.0,0.0,1024.0,64.0,0.96875,1.0,0.0,9.267495296566711,8.049458991604535,8.049458991604535,9.693466537683431,8.415552814333218,8.246214036597891,8.376312864759248,8.459868765724938,8.41047681251547,0.31978653272628643,0.22673248818972885,0.5792212633572379,0.928125,0.9245463798950132,0.14437754788202137,0.11990767861659549,0.8250291092385547
focal_v3_n16_e0_t1_g5_3e-6_Qwen3-4B,"35,36,37,38,39",5,37.0,0.0,1024.0,64.0,0.98125,1.0,0.0,9.229878309854175,8.022505732185797,8.022505732185797,9.687028842633321,8.31557724429586,8.236948102420286,8.280350470325057,8.361632408143144,8.30474885441938,0.2802968921204438,0.23988938206062493,0.5427849472471633,0.940625,0.9148227865802587,0.13693623662488247,0.13239564317519822,0.8662266050674491
focal_v3_n16_e0_t1_g5_Qwen3-4B,"15,16,17,18,20",5,17.2,0.0,1024.0,64.0,0.9455078125,1.0,0.0,9.162711770278147,7.8451959244298495,7.8451959244298495,9.632791992238122,8.222551326358165,7.999456069469727,8.203900210126175,8.287098589282488,8.176655179665829,0.34947190879631507,0.2159948142871737,0.5636179577020763,0.85625,0.909442459985532,0.1387443619432827,0.11839388672535867,0.7393340142963026
focal_v3_n16_e0_t1_g8_Qwen3-1.7B,"78,79,80,81,82",5,80.0,0.0,1024.0,64.0,0.987890625,1.0,0.0,9.022242010858832,7.487600816893256,7.487600816893256,9.448397419932153,8.169931192712198,7.746326032478249,8.04232560317405,8.316374268283894,8.151093706678651,0.45217471239441054,0.17900739474654895,0.7406400468625216,0.665625,0.8181419603548716,0.21232896209526392,0.19766596820728916,1.128917367905131
focal_v3_n16_g2_Qwen3-1.7B-Base,"102,103,104,105,106",5,104.0,0.0,1024.0,64.0,0.988671875,1.0,0.0,9.097024075670534,7.961733677488667,7.961733677488667,9.613850876094844,0.0,7.829376702753613,0.0,0.0,0.0,0.2773604255431494,0.22194745521387987,0.3489897950437807,0.853125,0.9526331895332867,0.07389339260962734,0.13795760674936675,0.6007804373086806
focal_v3_n16_g3_Qwen3-1.7B-Base,"90,91,92,93,94",5,92.0,0.0,1024.0,64.0,0.9775390625,1.0,0.0,9.01857138814673,7.698625524996002,7.698625524996002,9.547959515620079,0.0,7.711036373627715,0.0,0.0,0.0,0.3119399851379354,0.22250607606665723,0.4242723951026216,0.778125,0.8882202838255002,0.13288254251583387,0.12846453793704055,0.6499566689368665
focal_v3_n8_g2_Qwen3-1.7B-Base,"110,111,112,113,114",5,112.0,0.0,512.0,64.0,0.991015625,1.0,0.0,9.010712985866913,7.787911371027299,7.787911371027299,9.514541290072163,0.0,7.538009483590692,0.0,0.0,0.0,0.303325175930456,0.20854668170704027,0.3668369545359815,0.803125,0.9164996702401517,0.1048634232231711,0.1141069637114858,0.5742775141695233
focal_v4_0421_Qwen3-1.7B-Base,"112,113,114,115,116",5,114.0,0.0,512.0,64.0,1.0,1.0,0.0,9.992170757812499,9.976997248966537,9.976997248966537,8.32680896484375,0.0,0.0,0.0,0.0,0.0,0.0,0.0,0.21753535170199015,1.0,1.0,0.0,0.01583169590158203,0.13215770651513972
