experiment,step,stale_tail,row_count,group_count,valid_rate,valid_group_rate,request_error_rate,direct_valid,focal_valid,final_valid,objective_valid,subjective_valid,ui_spatial_score,color_harmony_and_theme_fit,typography_rhythm_and_readability,first_view_content_messaging,ui_weight,subjective_weight,max_weight_mean,top1_same_rate,spearman_mean,z_sign_flip_rate,direct_group_var_mean,focal_group_var_mean,status_counts
baseline_v3_n16_Qwen3-4B,20,0,1024,64,0.9921875,1.0,0.0,8.910629921259853,6.8089215221559956,8.910629921259853,9.506233595800525,7.719422572178478,7.09251968503937,8.061515748031496,7.7826771653543325,7.314074803149606,0.4981700059874627,0.1672766643747697,0.7904462363956153,0.609375,0.8834184795889134,0.1702755905511811,0.1400982473449289,1.2116568255271785,"{""llm_generation_error"": 2, ""parse_fail"": 8, ""success"": 1014}"
baseline_v3_n16_Qwen3-4B,21,0,1024,64,0.9912109375,1.0,0.0,8.833333333333346,6.6753638935405375,8.833333333333346,9.479474548440065,7.541050903119868,6.991133004926108,7.8310344827586205,7.664532019704434,7.127586206896551,0.5083333831381184,0.16388883944298707,0.7752866518567929,0.765625,0.8622499601729273,0.1960591133004926,0.19300842519243103,1.1616422121629053,"{""llm_generation_error"": 4, ""parse_fail"": 9, ""success"": 1011}"
baseline_v3_n16_Qwen3-4B,22,0,1024,64,0.99609375,1.0,0.0,8.796612200435728,6.656063939219591,8.796612200435728,9.492156862745098,7.405522875816994,7.080392156862745,7.588529411764706,7.571176470588235,7.056862745098039,0.42791469027817247,0.19069510200698112,0.7425687237868334,0.84375,0.895885200345605,0.16372549019607843,0.27815381217715834,1.34989148075041,"{""llm_generation_error"": 6, ""parse_fail"": 4, ""success"": 1014}"
baseline_v3_n16_Qwen3-4B,23,0,1024,64,0.984375,1.0,0.0,8.800253527336883,6.694623172503243,8.800253527336883,9.43287037037037,7.535019841269841,6.902777777777778,7.783234126984127,7.583035714285715,7.238789682539682,0.5360879316417921,0.15463733020015308,0.7485794660907581,0.84375,0.9096531398713955,0.18253968253968253,0.5042858678366632,1.6949528102657154,"{""llm_generation_error"": 15, ""parse_fail"": 13, ""render_engine_error"": 3, ""success"": 993}"
baseline_v3_n16_Qwen3-4B,24,0,1024,64,0.9921875,1.0,0.0,8.874146981627286,6.849025560542882,8.874146981627286,9.505905511811024,7.610629921259843,7.108267716535433,7.8219488188976385,7.716437007874015,7.293503937007874,0.4906307178643866,0.1697897596845548,0.747175400765053,0.796875,0.9117291908984516,0.13976377952755906,0.19844158950617294,1.2017916086380693,"{""llm_generation_error"": 3, ""parse_fail"": 8, ""success"": 1013}"
focal_v3_n16_e0_t1_g5_Qwen3-4B,15,0,1024,64,0.953125,1.0,0.0,9.099734061930793,7.7028423004335,7.7028423004335,9.622534836065574,8.054132513661203,7.897540983606557,7.994159836065574,8.191290983606558,7.976946721311475,0.32096591547206227,0.22633131743344506,0.5439803446370142,0.828125,0.9114560568666268,0.1260245901639344,0.1308705047495133,0.973596747558323,"{""parse_fail"": 30, ""render_engine_error"": 18, ""success"": 976}"
focal_v3_n16_e0_t1_g5_Qwen3-4B,16,0,1024,64,0.9091796875,1.0,0.0,9.100668301706644,7.906052560235578,7.906052560235578,9.562674489795919,8.176655925528108,8.152524167561761,8.130612244897959,8.29871106337272,8.100644468313641,0.2794360227430077,0.2359621912096214,0.5220754007180699,0.765625,0.8215149827836944,0.19011815252416756,0.1382472928325023,0.6368589888163458,"{""llm_generation_error"": 1, ""parse_fail"": 34, ""render_engine_error"": 59, ""success"": 930}"
focal_v3_n16_e0_t1_g5_Qwen3-4B,17,0,1024,64,0.96875,1.0,0.0,9.167871684587832,7.800438457179776,7.800438457179776,9.6326375,8.238340053763443,7.828629032258065,8.21421370967742,8.299193548387096,8.201612903225806,0.4205000838752962,0.19316644805141614,0.5759708733165513,0.828125,0.940886055905887,0.11290322580645161,0.0935564124135423,0.5944733153659302,"{""llm_generation_error"": 1, ""parse_fail"": 29, ""render_engine_error"": 3, ""success"": 991}"
focal_v3_n16_e0_t1_g5_Qwen3-4B,18,0,1024,64,0.9521484375,1.0,0.0,9.192486917378933,7.8459475343047,7.8459475343047,9.648422683760684,8.280615384615386,7.915897435897436,8.29271794871795,8.316307692307692,8.232820512820513,0.4092014164973477,0.19693285794074253,0.5911218765556665,0.921875,0.9282228882334473,0.13230769230769232,0.130369809495896,0.7514149392076334,"{""llm_generation_error"": 1, ""parse_fail"": 43, ""render_engine_error"": 6, ""success"": 974}"
focal_v3_n16_e0_t1_g5_Qwen3-4B,20,0,1024,64,0.9443359375,1.0,0.0,9.25279788578653,7.970698769995692,7.970698769995692,9.697690451568425,8.363012754222682,8.20268872802482,8.387797311271974,8.329989658738366,8.371251292657703,0.31725610539386134,0.22758125680064337,0.5849412932830803,0.9375,0.9451323161380034,0.13236814891416754,0.09892541413533947,0.7403260805332808,"{""parse_fail"": 35, ""render_engine_error"": 22, ""success"": 967}"
baseline_v3_n16_3e-6_Qwen3-4B,40,0,1024,64,0.9853515625,1.0,0.0,9.298028851448088,8.04749337410805,9.298028851448088,9.750578130161877,8.39293029402048,8.503468780971259,8.285728444003963,8.485728444003964,8.407333994053518,0.28863884304937604,0.2371203856502079,0.6593456156262596,0.90625,0.9284701867468896,0.15758176412289396,0.14041886431434883,1.068947490491712,"{""parse_fail"": 13, ""render_engine_error"": 2, ""success"": 1009}"
baseline_v3_n16_3e-6_Qwen3-4B,41,0,1024,64,0.9833984375,1.0,0.0,9.335815954981824,8.164231034942382,9.335815954981824,9.754054948692486,8.49933796756041,8.524329692154916,8.473187686196624,8.559086395233367,8.46573982125124,0.34090945316353577,0.21969684894548794,0.6875640349685076,0.953125,0.9402831587264067,0.19662363455809334,0.08741848776599924,0.8127569795100148,"{""parse_fail"": 16, ""render_engine_error"": 1, ""success"": 1007}"
baseline_v3_n16_3e-6_Qwen3-4B,42,0,1024,64,0.978515625,1.0,0.0,9.374927921933944,8.28010203447307,9.374927921933944,9.780771789753826,8.56324018629408,8.684630738522953,8.526646706586828,8.596706586826349,8.566367265469061,0.27474818830252734,0.24175060389915715,0.6534751290692932,0.984375,0.9275437592780639,0.1437125748502994,0.08693580792583352,0.7798428667144154,"{""parse_fail"": 19, ""render_engine_error"": 3, ""success"": 1002}"
baseline_v3_n16_3e-6_Qwen3-4B,43,0,1024,64,0.9697265625,1.0,0.0,9.405203088284685,8.37293440546819,9.405203088284685,9.80597515944948,8.603658945955019,8.835850956696879,8.551863041289023,8.609063444108761,8.650050352467272,0.21611676960770257,0.261294410130766,0.6348376007813373,0.90625,0.9225900171305519,0.1581067472306143,0.0973995690000502,0.7544356914169114,"{""parse_fail"": 24, ""render_engine_error"": 7, ""success"": 993}"
baseline_v3_n16_3e-6_Qwen3-4B,44,0,1024,64,0.9794921875,1.0,0.0,9.35695136811789,8.209569278914783,9.35695136811789,9.759388501163178,8.552077102027253,8.556331006979063,8.498105682951147,8.585643070787638,8.572482552342972,0.36311341273109904,0.21229552908963353,0.6740681868154675,0.9375,0.9365127996437205,0.15154536390827517,0.09391932965759882,0.9055070411661208,"{""parse_fail"": 21, ""success"": 1003}"
focal_v3_n16_e0_t1_g5_3e-6_Qwen3-4B,35,0,1024,64,0.984375,1.0,0.0,9.224339925044097,7.93473777006819,7.93473777006819,9.692065443121693,8.28888888888889,8.234126984126984,8.232936507936508,8.373809523809523,8.259920634920634,0.2682571844067584,0.243905209466468,0.5872440638262101,0.90625,0.884540831583952,0.14087301587301587,0.09541088393285198,0.7175958754805302,"{""parse_fail"": 15, ""render_engine_error"": 1, ""success"": 1008}"
focal_v3_n16_e0_t1_g5_3e-6_Qwen3-4B,36,0,1024,64,0.9833984375,1.0,0.0,9.20207439037847,7.977788803005092,7.977788803005092,9.693677623303541,8.218867924528302,8.252234359483614,8.180337636544191,8.307944389275075,8.16832174776564,0.22414823667667583,0.258616032363082,0.5234445615161347,0.9375,0.922898317631648,0.13505461767626614,0.1539534343760629,0.9915177660432377,"{""parse_fail"": 17, ""success"": 1007}"
focal_v3_n16_e0_t1_g5_3e-6_Qwen3-4B,37,0,1024,64,0.9892578125,1.0,0.0,9.202288395305484,7.962665948429,7.962665948429,9.691997910496873,8.222869364922671,8.250740375123396,8.138203356367226,8.321125370187563,8.209279368213227,0.24537848646900998,0.251537614111565,0.5244125302204625,0.953125,0.9159871991694108,0.14116485686080948,0.1446801209898554,1.0005055898727995,"{""parse_fail"": 11, ""success"": 1013}"
focal_v3_n16_e0_t1_g5_3e-6_Qwen3-4B,38,0,1024,64,0.9716796875,1.0,0.0,9.279078637632617,8.190990012355124,8.190990012355124,9.695787135678392,8.445661641541038,8.347738693467337,8.470854271356783,8.41467336683417,8.451457286432161,0.2887262876581954,0.2370546663184805,0.5259281895946175,0.953125,0.9189070578501022,0.14271356783919598,0.10546114349210461,0.7050552407487111,"{""parse_fail"": 27, ""render_engine_error"": 2, ""success"": 995}"
focal_v3_n16_e0_t1_g5_3e-6_Qwen3-4B,39,0,1024,64,0.9775390625,1.0,0.0,9.241610200910204,8.046346127071581,8.046346127071581,9.661616100566102,8.4015984015984,8.0999000999001,8.379420579420579,8.390609390609391,8.434765234765235,0.3749742653915792,0.2083333880435291,0.5528953910783923,0.953125,0.9317805266661808,0.12487512487512488,0.1624726330851163,0.9164585531919677,"{""llm_generation_error"": 1, ""parse_fail"": 18, ""render_engine_error"": 5, ""success"": 1000}"
baseline_v3_n16_3e-6_4k_Qwen3-4B,42,0,1024,64,0.9765625,1.0,0.0,9.278833333333354,8.028928494323035,9.278833333333354,9.752,8.332500000000001,8.512,8.3523,8.388200000000001,8.257,0.24852031665050964,0.2504932277831637,0.6329138814264295,0.90625,0.9214274940989067,0.145,0.1671631359842437,1.339138637614704,"{""parse_fail"": 17, ""render_engine_error"": 7, ""success"": 1000}"
baseline_v3_n16_3e-6_4k_Qwen3-4B,43,0,1024,64,0.9716796875,1.0,0.0,9.311803461753241,8.118125207448974,9.311803461753241,9.757788944723618,8.419832495812395,8.546733668341709,8.460100502512562,8.451155778894474,8.348241206030151,0.2478291279236612,0.2507236240254463,0.6481429921572539,0.921875,0.9183762953046075,0.1527638190954774,0.13880928782146656,1.1688941043065053,"{""parse_fail"": 28, ""render_engine_error"": 1, ""success"": 995}"
baseline_v3_n16_3e-6_4k_Qwen3-4B,44,0,1024,64,0.96484375,1.0,0.0,9.295040485829976,8.024001019610754,9.295040485829976,9.744601889338732,8.395917678812415,8.46761133603239,8.386842105263158,8.423380566801619,8.37753036437247,0.2727800057857306,0.2424066647380896,0.6796715211869897,0.9375,0.9354985498969028,0.13663967611336034,0.11626474608647056,1.0485743549799285,"{""parse_fail"": 27, ""render_engine_error"": 9, ""success"": 988}"
baseline_v3_n16_3e-6_4k_Qwen3-4B,45,0,1024,64,0.9697265625,1.0,0.0,9.34546268322706,8.191766614601917,9.34546268322706,9.765021819402484,8.506344410876133,8.590130916414905,8.487411883182276,8.503927492447131,8.527693856998994,0.29539886313119185,0.2348670456229364,0.6731505937135467,0.953125,0.9385979102376875,0.1470292044310171,0.07496599119505604,0.8322630403149757,"{""parse_fail"": 17, ""render_engine_error"": 14, ""success"": 993}"
baseline_v3_n16_3e-6_4k_Qwen3-4B,46,0,1024,64,0.947265625,1.0,0.0,9.238247422680436,7.874399849268901,9.238247422680436,9.680068728522336,8.354604810996564,8.08041237113402,8.405051546391752,8.405154639175258,8.253608247422681,0.4348410239731599,0.1883863253422797,0.6868403863688783,0.9375,0.9383965314114648,0.13298969072164948,0.1289101004167565,1.2465422649979128,"{""parse_fail"": 34, ""render_engine_error"": 20, ""success"": 970}"
focal_v3_n16_e0_t1_g5_3e-6_4k_Qwen3-4B,26,0,1024,64,0.9658203125,1.0,0.0,9.237714088304704,7.985688964282907,7.985688964282907,9.684039956184698,8.345062352544657,8.190091001011123,8.290495449949443,8.380182002022245,8.364509605662285,0.3298082833739271,0.22339432623674263,0.5655959561778657,0.921875,0.9186529759188182,0.15267947421638017,0.16046582923589173,1.0256032225435725,"{""parse_fail"": 29, ""render_engine_error"": 6, ""success"": 989}"
focal_v3_n16_e0_t1_g5_3e-6_4k_Qwen3-4B,27,0,1024,64,0.970703125,1.0,0.0,9.269010574558488,8.07186319524129,8.07186319524129,9.702325385647216,8.402380952380954,8.30784708249497,8.35774647887324,8.427665995975856,8.421730382293763,0.27985532556519205,0.24004010537197953,0.5713705148055852,0.953125,0.9224126356606949,0.14587525150905434,0.17269771949121546,0.9617921154565678,"{""llm_generation_error"": 1, ""parse_fail"": 20, ""render_engine_error"": 10, ""success"": 993}"
focal_v3_n16_e0_t1_g5_3e-6_4k_Qwen3-4B,28,0,1024,64,0.9697265625,1.0,0.0,9.2715665547723,8.072391524772584,8.072391524772584,9.692898674051696,8.428902316213495,8.211480362537765,8.403826787512589,8.471299093655588,8.411581067472307,0.3321759790380863,0.22260776053679407,0.5694753743326261,0.90625,0.941985142750287,0.12890231621349446,0.10923891607380562,0.7608467992475187,"{""parse_fail"": 30, ""render_engine_error"": 1, ""success"": 993}"
focal_v3_n16_e0_t1_g5_3e-6_4k_Qwen3-4B,29,0,1024,64,0.9658203125,1.0,0.0,9.264858330524676,7.9998739674613475,7.9998739674613475,9.676896528479949,8.440781934614089,8.173913043478262,8.441354903943378,8.499292214357936,8.38169868554095,0.346606726881196,0.21778514667513613,0.6090328967435387,0.90625,0.9108419643472374,0.1597573306370071,0.058230054135361364,0.5876507322692611,"{""parse_fail"": 24, ""render_engine_error"": 11, ""success"": 989}"
focal_v3_n16_e0_t1_g5_3e-6_4k_Qwen3-4B,30,0,1024,64,0.9716796875,1.0,0.0,9.294326934673382,8.117477306264545,8.117477306264545,9.7111721440536,8.460636515912897,8.347738693467337,8.388140703517589,8.520904522613064,8.472864321608041,0.3104863487730307,0.22983510212799188,0.5806315747265739,0.953125,0.9288391807980284,0.13467336683417086,0.09890587414670328,0.7892526766758531,"{""parse_fail"": 27, ""render_engine_error"": 2, ""success"": 995}"
